<?xml version="1.0" encoding="UTF-8"?>  
<application>
	<word>
	    <initialView id="p1T" front="p2T" left="p1L" right="p1R" back = "" map="1T" LocationIsEnable="1,1,1,0" descirbe = "Hi, brave explorer, welcome to Goldshire town !"/>  
	    <p1>
		    <p1T id="p1T" front="p2T" left="p1L" right="p1R" back = "" map="1T" LocationIsEnable="1,1,1,0" descirbe = "Hi, brave explorer, welcome to Goldshire town !"/> 
		    <p1L id="p1L" front="" left="p1B" right="p1T" back = "" map="1L" LocationIsEnable="1,1,0,0" descirbe = ""/> 
		    <p1R id="p1R" front="" left="p1T" right="p1B" back = "" map="1R" LocationIsEnable="1,1,0,0" descirbe = ""/> 
		    <p1B id="p1B" front="" left="p1R" right="p1L" back = "" map="1B" LocationIsEnable="1,1,0,0" descirbe = "Do you really wanna leave ?"/>
	    </p1> 
	    <p2>
		    <p2T id="p2T" front="" left="p2L" right="p2R" back = "" map="2T" LocationIsEnable="1,1,0,0" descirbe = ""/> 
		    <p2L id="p2L" front="p3T" left="p2B" right="p2T" back = "" map="2L" LocationIsEnable="1,1,1,0" descirbe = "I bet you will love this fantastic inn!"/> 
		    <p2R id="p2R" front="" left="p2T" right="p2B" back = "" map="2R" LocationIsEnable="1,1,0,0" descirbe = ""/> 
		    <p2B id="p2B" front="p1B" left="p2R" right="p2L" back = "" map="2B" LocationIsEnable="1,1,1,0" descirbe = ""/>
	    </p2> 
	    <p3>
		    <p3T id="p3T" front="p4T" left="p3L" right="p3R" back = "" map="3T" LocationIsEnable="1,1,1,0" descirbe = "Welcome to the Loin's Pride Inn!"/> 
		    <p3L id="p3L" front="" left="p3B" right="p3T" back = "" map="3L" LocationIsEnable="1,1,0,0" descirbe = ""/> 
		    <p3R id="p3R" front="" left="p3T" right="p3B" back = "" map="3R" LocationIsEnable="1,1,0,0" descirbe = ""/> 
		    <p3B id="p3B" front="p2R" left="p3R" right="p3L" back = "" map="3B" LocationIsEnable="1,1,1,0" descirbe = "I am expecting your next visiting..."/>
	    </p3> 
	    <p4>
		    <p4T id="p4T" front="" left="p4L" right="p4R" back = "" map="4T" LocationIsEnable="1,1,0,0" descirbe = "Do you fancy a cup of strong Scotland whisky?"/> 
		    <p4L id="p4L" front="" left="p4B" right="p4T" back = "" map="4L" LocationIsEnable="1,1,0,0" descirbe = "Take a seat!"/> 
		    <p4R id="p4R" front="p5T" left="p4T" right="p4B" back = "" map="4R" LocationIsEnable="1,1,1,0" descirbe = ""/> 
		    <p4B id="p4B" front="p3B" left="p4R" right="p4L" back = "" map="4B" LocationIsEnable="1,1,1,0" descirbe = ""/>
	    </p4> 
	    <p5>
		    <p5T id="p5T" front="" left="p5L" right="p5R" back = "" map="8T" LocationIsEnable="1,1,0,0" descirbe = ""/> 
		    <p5L id="p5L" front="p6T" left="p5B" right="p5T" back = "" map="8L" LocationIsEnable="1,1,1,0" descirbe = "Go upstairs and have a look, you will be surprised!"/> 
		    <p5R id="p5R" front="" left="p5T" right="p5B" back = "" map="8R" LocationIsEnable="1,1,0,0" descirbe = ""/> 
		    <p5B id="p5B" front="p4L" left="p5R" right="p5L" back = "" map="8B" LocationIsEnable="1,1,1,0" descirbe = ""/>
	    </p5> 
	    <p6>
		    <p6T id="p6T" front="p7T" left="p6L" right="p6R" back = "" map="6T" LocationIsEnable="1,1,1,0" descirbe = ""/> 
		    <p6L id="p6L" front="" left="p6B" right="p6T" back = "" map="6L" LocationIsEnable="1,1,0,0" descirbe = ""/> 
		    <p6R id="p6R" front="" left="p6T" right="p6B" back = "" map="6R" LocationIsEnable="1,1,0,0" descirbe = ""/> 
		    <p6B id="p6B" front="p5R" left="p6R" right="p6L" back = "" map="6B" LocationIsEnable="1,1,1,0" descirbe = ""/>
	    </p6> 
	    <p7>
		    <p7T id="p7T" front="" left="p7L" right="p7R" back = "" map="7T" LocationIsEnable="1,1,0,0" descirbe = "We have perpared a wonderful bedroom for you."/> 
		    <p7L id="p7L" front="" left="p7B" right="p7T" back = "" map="7L" LocationIsEnable="1,1,0,0" descirbe = ""/> 
		    <p7R id="p7R" front="" left="p7T" right="p7B" back = "" map="7R" LocationIsEnable="1,1,0,0" descirbe = ""/> 
		    <p7B id="p7B" front="p6B" left="p7R" right="p7L" back = "" map="7B" LocationIsEnable="1,1,1,0" descirbe = "Hope you have a great rest here."/>
	    </p7> 
	</word>  
	<items>
		<items2 id = "jigglypuff" name = "jigglypuff"></items2>
		<items1 id = "pikachu" name = "pikachu"></items1>
		<items3 id = "charmander" name = "charmander"></items3>
	</items>
</application> 